 -- workplace and offices/warehouse need to be populated in a transaction due to RI-2
START	TRANSACTION;
SET	CONSTRAINTS	ALL	DEFERRED;
        
INSERT INTO workplace (address, lat, long) 
VALUES
    ('0 Example St', 0.0, 0.0),
    ('1 Example St', 0.0001, -0.0001),
    ('2 Example St', 0.0002, -0.0002),
    ('3 Example St', 0.0003, -0.0003),
    ('4 Example St', 0.0004, -0.0004),
    ('5 Example St', 0.0005, -0.0005),
    ('6 Example St', 0.0006, -0.0006),
    ('7 Example St', 0.0007, -0.0007),
    ('8 Example St', 0.0008, -0.0008),
    ('9 Example St', 0.0009, -0.0009),
    ('10 Example St', 0.001, -0.001),
    ('11 Example St', 0.0011, -0.0011),
    ('12 Example St', 0.0012, -0.0012),
    ('13 Example St', 0.0013, -0.0013),
    ('14 Example St', 0.0014, -0.0014),
    ('15 Example St', 0.0015, -0.0015),
    ('16 Example St', 0.0016, -0.0016),
    ('17 Example St', 0.0017, -0.0017),
    ('18 Example St', 0.0018, -0.0018),
    ('19 Example St', 0.0019, -0.0019),
    ('20 Example St', 0.002, -0.002),
    ('21 Example St', 0.0021, -0.0021),
    ('22 Example St', 0.0022, -0.0022),
    ('23 Example St', 0.0023, -0.0023),
    ('24 Example St', 0.0024, -0.0024),
    ('25 Example St', 0.0025, -0.0025),
    ('26 Example St', 0.0026, -0.0026),
    ('27 Example St', 0.0027, -0.0027),
    ('28 Example St', 0.0028, -0.0028),
    ('29 Example St', 0.0029, -0.0029),
    ('30 Example St', 0.003, -0.003),
    ('31 Example St', 0.0031, -0.0031),
    ('32 Example St', 0.0032, -0.0032),
    ('33 Example St', 0.0033, -0.0033),
    ('34 Example St', 0.0034, -0.0034),
    ('35 Example St', 0.0035, -0.0035),
    ('36 Example St', 0.0036, -0.0036),
    ('37 Example St', 0.0037, -0.0037),
    ('38 Example St', 0.0038, -0.0038),
    ('39 Example St', 0.0039, -0.0039),
    ('40 Example St', 0.004, -0.004),
    ('41 Example St', 0.0041, -0.0041),
    ('42 Example St', 0.0042, -0.0042),
    ('43 Example St', 0.0043, -0.0043),
    ('44 Example St', 0.0044, -0.0044),
    ('45 Example St', 0.0045, -0.0045),
    ('46 Example St', 0.0046, -0.0046),
    ('47 Example St', 0.0047, -0.0047),
    ('48 Example St', 0.0048, -0.0048),
    ('49 Example St', 0.0049, -0.0049),
    ('50 Example St', 0.005, -0.005),
    ('51 Example St', 0.0051, -0.0051),
    ('52 Example St', 0.0052, -0.0052),
    ('53 Example St', 0.0053, -0.0053),
    ('54 Example St', 0.0054, -0.0054),
    ('55 Example St', 0.0055, -0.0055),
    ('56 Example St', 0.0056, -0.0056),
    ('57 Example St', 0.0057, -0.0057),
    ('58 Example St', 0.0058, -0.0058),
    ('59 Example St', 0.0059, -0.0059),
    ('60 Example St', 0.006, -0.006),
    ('61 Example St', 0.0061, -0.0061),
    ('62 Example St', 0.0062, -0.0062),
    ('63 Example St', 0.0063, -0.0063),
    ('64 Example St', 0.0064, -0.0064),
    ('65 Example St', 0.0065, -0.0065),
    ('66 Example St', 0.0066, -0.0066),
    ('67 Example St', 0.0067, -0.0067),
    ('68 Example St', 0.0068, -0.0068),
    ('69 Example St', 0.0069, -0.0069),
    ('70 Example St', 0.007, -0.007),
    ('71 Example St', 0.0071, -0.0071),
    ('72 Example St', 0.0072, -0.0072),
    ('73 Example St', 0.0073, -0.0073),
    ('74 Example St', 0.0074, -0.0074),
    ('75 Example St', 0.0075, -0.0075),
    ('76 Example St', 0.0076, -0.0076),
    ('77 Example St', 0.0077, -0.0077),
    ('78 Example St', 0.0078, -0.0078),
    ('79 Example St', 0.0079, -0.0079),
    ('80 Example St', 0.008, -0.008),
    ('81 Example St', 0.0081, -0.0081),
    ('82 Example St', 0.0082, -0.0082),
    ('83 Example St', 0.0083, -0.0083),
    ('84 Example St', 0.0084, -0.0084),
    ('85 Example St', 0.0085, -0.0085),
    ('86 Example St', 0.0086, -0.0086),
    ('87 Example St', 0.0087, -0.0087),
    ('88 Example St', 0.0088, -0.0088),
    ('89 Example St', 0.0089, -0.0089),
    ('90 Example St', 0.009, -0.009),
    ('91 Example St', 0.0091, -0.0091),
    ('92 Example St', 0.0092, -0.0092),
    ('93 Example St', 0.0093, -0.0093),
    ('94 Example St', 0.0094, -0.0094),
    ('95 Example St', 0.0095, -0.0095),
    ('96 Example St', 0.0096, -0.0096),
    ('97 Example St', 0.0097, -0.0097),
    ('98 Example St', 0.0098, -0.0098),
    ('99 Example St', 0.0099, -0.0099)
;
INSERT INTO office (address) 
VALUES
    ('0 Example St'),
    ('1 Example St'),
    ('2 Example St'),
    ('3 Example St'),
    ('4 Example St'),
    ('5 Example St'),
    ('6 Example St'),
    ('7 Example St'),
    ('8 Example St'),
    ('9 Example St'),
    ('10 Example St'),
    ('11 Example St'),
    ('12 Example St'),
    ('13 Example St'),
    ('14 Example St'),
    ('15 Example St'),
    ('16 Example St'),
    ('17 Example St'),
    ('18 Example St'),
    ('19 Example St'),
    ('20 Example St'),
    ('21 Example St'),
    ('22 Example St'),
    ('23 Example St'),
    ('24 Example St'),
    ('25 Example St'),
    ('26 Example St'),
    ('27 Example St'),
    ('28 Example St'),
    ('29 Example St'),
    ('30 Example St'),
    ('31 Example St'),
    ('32 Example St'),
    ('33 Example St'),
    ('34 Example St'),
    ('35 Example St'),
    ('36 Example St'),
    ('37 Example St'),
    ('38 Example St'),
    ('39 Example St'),
    ('40 Example St'),
    ('41 Example St'),
    ('42 Example St'),
    ('43 Example St'),
    ('44 Example St'),
    ('45 Example St'),
    ('46 Example St'),
    ('47 Example St'),
    ('48 Example St'),
    ('49 Example St')
;
INSERT INTO warehouse (address) 
VALUES
    ('50 Example St'),
    ('51 Example St'),
    ('52 Example St'),
    ('53 Example St'),
    ('54 Example St'),
    ('55 Example St'),
    ('56 Example St'),
    ('57 Example St'),
    ('58 Example St'),
    ('59 Example St'),
    ('60 Example St'),
    ('61 Example St'),
    ('62 Example St'),
    ('63 Example St'),
    ('64 Example St'),
    ('65 Example St'),
    ('66 Example St'),
    ('67 Example St'),
    ('68 Example St'),
    ('69 Example St'),
    ('70 Example St'),
    ('71 Example St'),
    ('72 Example St'),
    ('73 Example St'),
    ('74 Example St'),
    ('75 Example St'),
    ('76 Example St'),
    ('77 Example St'),
    ('78 Example St'),
    ('79 Example St'),
    ('80 Example St'),
    ('81 Example St'),
    ('82 Example St'),
    ('83 Example St'),
    ('84 Example St'),
    ('85 Example St'),
    ('86 Example St'),
    ('87 Example St'),
    ('88 Example St'),
    ('89 Example St'),
    ('90 Example St'),
    ('91 Example St'),
    ('92 Example St'),
    ('93 Example St'),
    ('94 Example St'),
    ('95 Example St'),
    ('96 Example St'),
    ('97 Example St'),
    ('98 Example St'),
    ('99 Example St')
;

COMMIT;

INSERT INTO department (name)
VALUES
    ('Sales'),
    ('Marketing'),
    ('Finance'),
    ('Human Resources'),
    ('Operations'),
    ('Information Technology'),
    ('Research and Development'),
    ('Customer Service'),
    ('Product Management'),
    ('Quality Assurance'),
    ('Supply Chain'),
    ('Legal'),
    ('Administration'),
    ('Business Development'),
    ('Training and Development'),
    ('Public Relations'),
    ('Accounting'),
    ('Engineering'),
    ('Design'),
    ('Purchasing'),
    ('Project Management'),
    ('Data Analytics'),
    ('Logistics'),
    ('Corporate Communications'),
    ('Risk Management'),
    ('Strategic Planning'),
    ('Internal Audit'),
    ('Facilities Management'),
    ('Consulting'),
    ('Compliance'),
    ('Event Management'),
    ('Employee Relations'),
    ('Investor Relations'),
    ('Health and Safety'),
    ('Procurement'),
    ('Software Development'),
    ('Graphic Design'),
    ('Sales Operations'),
    ('Training'),
    ('Operations Management')
;
INSERT INTO employee (ssn, TIN, bdate, name)
VALUES

(1000000001, 2000000001, '1990-01-01', 'Employee 1'),
(1000000002, 2000000002, '1990-01-01', 'Employee 2'),
(1000000003, 2000000003, '1990-01-01', 'Employee 3'),
(1000000004, 2000000004, '1990-01-01', 'Employee 4'),
(1000000005, 2000000005, '1990-01-01', 'Employee 5'),
(1000000006, 2000000006, '1990-01-01', 'Employee 6'),
(1000000007, 2000000007, '1990-01-01', 'Employee 7'),
(1000000008, 2000000008, '1990-01-01', 'Employee 8'),
(1000000009, 2000000009, '1990-01-01', 'Employee 9'),
(1000000010, 2000000010, '1990-01-01', 'Employee 10'),
(1000000011, 2000000011, '1990-01-01', 'Employee 11'),
(1000000012, 2000000012, '1990-01-01', 'Employee 12'),
(1000000013, 2000000013, '1990-01-01', 'Employee 13'),
(1000000014, 2000000014, '1990-01-01', 'Employee 14'),
(1000000015, 2000000015, '1990-01-01', 'Employee 15'),
(1000000016, 2000000016, '1990-01-01', 'Employee 16'),
(1000000017, 2000000017, '1990-01-01', 'Employee 17'),
(1000000018, 2000000018, '1990-01-01', 'Employee 18'),
(1000000019, 2000000019, '1990-01-01', 'Employee 19'),
(1000000020, 2000000020, '1990-01-01', 'Employee 20'),
(1000000021, 2000000021, '1990-01-01', 'Employee 21'),
(1000000022, 2000000022, '1990-01-01', 'Employee 22'),
(1000000023, 2000000023, '1990-01-01', 'Employee 23'),
(1000000024, 2000000024, '1990-01-01', 'Employee 24'),
(1000000025, 2000000025, '1990-01-01', 'Employee 25'),
(1000000026, 2000000026, '1990-01-01', 'Employee 26'),
(1000000027, 2000000027, '1990-01-01', 'Employee 27'),
(1000000028, 2000000028, '1990-01-01', 'Employee 28'),
(1000000029, 2000000029, '1990-01-01', 'Employee 29'),
(1000000030, 2000000030, '1990-01-01', 'Employee 30'),
(1000000031, 2000000031, '1990-01-01', 'Employee 31'),
(1000000032, 2000000032, '1990-01-01', 'Employee 32'),
(1000000033, 2000000033, '1990-01-01', 'Employee 33'),
(1000000034, 2000000034, '1990-01-01', 'Employee 34'),
(1000000035, 2000000035, '1990-01-01', 'Employee 35'),
(1000000036, 2000000036, '1990-01-01', 'Employee 36'),
(1000000037, 2000000037, '1990-01-01', 'Employee 37'),
(1000000038, 2000000038, '1990-01-01', 'Employee 38'),
(1000000039, 2000000039, '1990-01-01', 'Employee 39'),
(1000000040, 2000000040, '1990-01-01', 'Employee 40'),
(1000000041, 2000000041, '1990-01-01', 'Employee 41'),
(1000000042, 2000000042, '1990-01-01', 'Employee 42'),
(1000000043, 2000000043, '1990-01-01', 'Employee 43'),
(1000000044, 2000000044, '1990-01-01', 'Employee 44'),
(1000000045, 2000000045, '1990-01-01', 'Employee 45'),
(1000000046, 2000000046, '1990-01-01', 'Employee 46'),
(1000000047, 2000000047, '1990-01-01', 'Employee 47'),
(1000000048, 2000000048, '1990-01-01', 'Employee 48'),
(1000000049, 2000000049, '1990-01-01', 'Employee 49'),
(1000000050, 2000000050, '1990-01-01', 'Employee 50'),
(1000000051, 2000000051, '1990-01-01', 'Employee 51'),
(1000000052, 2000000052, '1990-01-01', 'Employee 52'),
(1000000053, 2000000053, '1990-01-01', 'Employee 53'),
(1000000054, 2000000054, '1990-01-01', 'Employee 54'),
(1000000055, 2000000055, '1990-01-01', 'Employee 55'),
(1000000056, 2000000056, '1990-01-01', 'Employee 56'),
(1000000057, 2000000057, '1990-01-01', 'Employee 57'),
(1000000058, 2000000058, '1990-01-01', 'Employee 58'),
(1000000059, 2000000059, '1990-01-01', 'Employee 59'),
(1000000060, 2000000060, '1990-01-01', 'Employee 60'),
(1000000061, 2000000061, '1990-01-01', 'Employee 61'),
(1000000062, 2000000062, '1990-01-01', 'Employee 62'),
(1000000063, 2000000063, '1990-01-01', 'Employee 63'),
(1000000064, 2000000064, '1990-01-01', 'Employee 64'),
(1000000065, 2000000065, '1990-01-01', 'Employee 65'),
(1000000066, 2000000066, '1990-01-01', 'Employee 66'),
(1000000067, 2000000067, '1990-01-01', 'Employee 67'),
(1000000068, 2000000068, '1990-01-01', 'Employee 68'),
(1000000069, 2000000069, '1990-01-01', 'Employee 69'),
(1000000070, 2000000070, '1990-01-01', 'Employee 70'),
(1000000071, 2000000071, '1990-01-01', 'Employee 71'),
(1000000072, 2000000072, '1990-01-01', 'Employee 72'),
(1000000073, 2000000073, '1990-01-01', 'Employee 73'),
(1000000074, 2000000074, '1990-01-01', 'Employee 74'),
(1000000075, 2000000075, '1990-01-01', 'Employee 75'),
(1000000076, 2000000076, '1990-01-01', 'Employee 76'),
(1000000077, 2000000077, '1990-01-01', 'Employee 77'),
(1000000078, 2000000078, '1990-01-01', 'Employee 78'),
(1000000079, 2000000079, '1990-01-01', 'Employee 79'),
(1000000080, 2000000080, '1990-01-01', 'Employee 80'),
(1000000081, 2000000081, '1990-01-01', 'Employee 81'),
(1000000082, 2000000082, '1990-01-01', 'Employee 82'),
(1000000083, 2000000083, '1990-01-01', 'Employee 83'),
(1000000084, 2000000084, '1990-01-01', 'Employee 84'),
(1000000085, 2000000085, '1990-01-01', 'Employee 85'),
(1000000086, 2000000086, '1990-01-01', 'Employee 86'),
(1000000087, 2000000087, '1990-01-01', 'Employee 87'),
(1000000088, 2000000088, '1990-01-01', 'Employee 88'),
(1000000089, 2000000089, '1990-01-01', 'Employee 89'),
(1000000090, 2000000090, '1990-01-01', 'Employee 90'),
(1000000091, 2000000091, '1990-01-01', 'Employee 91'),
(1000000092, 2000000092, '1990-01-01', 'Employee 92'),
(1000000093, 2000000093, '1990-01-01', 'Employee 93'),
(1000000094, 2000000094, '1990-01-01', 'Employee 94'),
(1000000095, 2000000095, '1990-01-01', 'Employee 95'),
(1000000096, 2000000096, '1990-01-01', 'Employee 96'),
(1000000097, 2000000097, '1990-01-01', 'Employee 97'),
(1000000098, 2000000098, '1990-01-01', 'Employee 98'),
(1000000099, 2000000099, '1990-01-01', 'Employee 99'),
(1000000100, 2000000100, '1990-01-01', 'Employee 100')
;
INSERT INTO works (ssn, address, name)
VALUES
    (1000000001, '0 Example St', 'Sales'),
    (1000000002, '1 Example St', 'Marketing'),
    (1000000003, '2 Example St', 'Finance'),
    (1000000004, '3 Example St', 'Human Resources'),
    (1000000005, '4 Example St', 'Operations'),
    (1000000006, '5 Example St', 'Information Technology'),
    (1000000007, '6 Example St', 'Research and Development'),
    (1000000008, '7 Example St', 'Customer Service'),
    (1000000009, '8 Example St', 'Product Management'),
    (1000000010, '9 Example St', 'Quality Assurance'),
    (1000000011, '10 Example St', 'Supply Chain'),
    (1000000012, '11 Example St', 'Legal'),
    (1000000013, '12 Example St', 'Administration'),
    (1000000014, '13 Example St', 'Business Development'),
    (1000000015, '14 Example St', 'Training and Development'),
    (1000000016, '15 Example St', 'Public Relations'),
    (1000000017, '16 Example St', 'Accounting'),
    (1000000018, '17 Example St', 'Engineering'),
    (1000000019, '18 Example St', 'Design'),
    (1000000020, '19 Example St', 'Purchasing'),
    (1000000021, '20 Example St', 'Project Management'),
    (1000000022, '21 Example St', 'Data Analytics'),
    (1000000023, '22 Example St', 'Logistics'),
    (1000000024, '23 Example St', 'Corporate Communications'),
    (1000000025, '24 Example St', 'Risk Management'),
    (1000000026, '25 Example St', 'Strategic Planning'),
    (1000000027, '26 Example St', 'Internal Audit'),
    (1000000028, '27 Example St', 'Facilities Management'),
    (1000000029, '28 Example St', 'Consulting'),
    (1000000030, '29 Example St', 'Compliance'),
    (1000000031, '30 Example St', 'Event Management'),
    (1000000032, '31 Example St', 'Employee Relations'),
    (1000000033, '32 Example St', 'Investor Relations'),
    (1000000034, '33 Example St', 'Health and Safety'),
    (1000000035, '34 Example St', 'Procurement'),
    (1000000036, '35 Example St', 'Software Development'),
    (1000000037, '36 Example St', 'Graphic Design'),
    (1000000038, '37 Example St', 'Sales Operations'),
    (1000000039, '38 Example St', 'Training'),
    (1000000040, '39 Example St', 'Operations Management'),
    (1000000041, '40 Example St', 'Sales'),
    (1000000042, '41 Example St', 'Marketing'),
    (1000000043, '42 Example St', 'Finance'),
    (1000000044, '43 Example St', 'Human Resources'),
    (1000000045, '44 Example St', 'Operations'),
    (1000000046, '45 Example St', 'Information Technology'),
    (1000000047, '46 Example St', 'Research and Development'),
    (1000000048, '47 Example St', 'Customer Service'),
    (1000000049, '48 Example St', 'Product Management'),
    (1000000050, '49 Example St', 'Quality Assurance'),
    (1000000051, '50 Example St', 'Supply Chain'),
    (1000000052, '51 Example St', 'Legal'),
    (1000000053, '52 Example St', 'Administration'),
    (1000000054, '53 Example St', 'Business Development'),
    (1000000055, '54 Example St', 'Training and Development'),
    (1000000056, '55 Example St', 'Public Relations'),
    (1000000057, '56 Example St', 'Accounting'),
    (1000000058, '57 Example St', 'Engineering'),
    (1000000059, '58 Example St', 'Design'),
    (1000000060, '59 Example St', 'Purchasing'),
    (1000000061, '60 Example St', 'Project Management'),
    (1000000062, '61 Example St', 'Data Analytics'),
    (1000000063, '62 Example St', 'Logistics'),
    (1000000064, '63 Example St', 'Corporate Communications'),
    (1000000065, '64 Example St', 'Risk Management'),
    (1000000066, '65 Example St', 'Strategic Planning'),
    (1000000067, '66 Example St', 'Internal Audit'),
    (1000000068, '67 Example St', 'Facilities Management'),
    (1000000069, '68 Example St', 'Consulting'),
    (1000000070, '69 Example St', 'Compliance'),
    (1000000071, '70 Example St', 'Event Management'),
    (1000000072, '71 Example St', 'Employee Relations'),
    (1000000073, '72 Example St', 'Investor Relations'),
    (1000000074, '73 Example St', 'Health and Safety'),
    (1000000075, '74 Example St', 'Procurement'),
    (1000000076, '75 Example St', 'Software Development'),
    (1000000077, '76 Example St', 'Graphic Design'),
    (1000000078, '77 Example St', 'Sales Operations'),
    (1000000079, '78 Example St', 'Training'),
    (1000000080, '79 Example St', 'Operations Management'),
    (1000000081, '80 Example St', 'Sales'),
    (1000000082, '81 Example St', 'Marketing'),
    (1000000083, '82 Example St', 'Finance'),
    (1000000084, '83 Example St', 'Human Resources'),
    (1000000085, '84 Example St', 'Operations'),
    (1000000086, '85 Example St', 'Information Technology'),
    (1000000087, '86 Example St', 'Research and Development'),
    (1000000088, '87 Example St', 'Customer Service'),
    (1000000089, '88 Example St', 'Product Management'),
    (1000000090, '89 Example St', 'Quality Assurance'),
    (1000000091, '90 Example St', 'Supply Chain'),
    (1000000092, '91 Example St', 'Legal'),
    (1000000093, '92 Example St', 'Administration'),
    (1000000094, '93 Example St', 'Business Development'),
    (1000000095, '94 Example St', 'Training and Development'),
    (1000000096, '95 Example St', 'Public Relations'),
    (1000000097, '96 Example St', 'Accounting'),
    (1000000098, '97 Example St', 'Engineering'),
    (1000000099, '98 Example St', 'Design'),
    (1000000100, '99 Example St', 'Purchasing')
;
INSERT INTO product (sku, name, description, price, ean)
VALUES
    ('SKU001', 'Smartphone', 'High-end smartphone with advanced features', 999.99, '1234567890121'),
    ('SKU002', 'Laptop', 'Powerful laptop for professional use', 1499.99, '1234567890122'),
    ('SKU003', 'Headphones', 'Wireless headphones with noise cancellation', 199.99, '1234567890123'),
    ('SKU004', 'Smartwatch', 'Fitness tracker and smartwatch hybrid', 299.99, '1234567890124'),
    ('SKU005', 'TV', 'Ultra HD smart TV with large screen', 1999.99, '1234567890125'),
    ('SKU006', 'Camera', 'Professional DSLR camera with multiple lenses', 1299.99, '1234567890126'),
    ('SKU007', 'Tablet', 'Compact tablet for entertainment and productivity', 799.99, '1234567890127'),
    ('SKU008', 'Gaming Console', 'Next-generation gaming console with immersive gaming experience', 499.99, '1234567890128'),
    ('SKU009', 'Wireless Speaker', 'Portable wireless speaker with high-quality sound', 149.99, '1234567890129'),
    ('SKU010', 'Monitor', 'High-resolution monitor for professional use', 599.99, '1234567890130'),
    ('SKU011', 'Wireless Earbuds', 'True wireless earbuds with long battery life', 79.99, '1234567890131'),
    ('SKU012', 'Fitness Tracker', 'Activity tracker with heart rate monitoring', 49.99, '1234567890132'),
    ('SKU013', 'Printer', 'All-in-one printer for home and office use', 249.99, '1234567890133'),
    ('SKU014', 'External Hard Drive', 'Portable storage solution with large capacity', 129.99, '1234567890134'),
    ('SKU015', 'Smart Speaker', 'Voice-controlled speaker with virtual assistant', 119.99, '1234567890135'),
    ('SKU016', 'Keyboard', 'Mechanical keyboard with customizable RGB lighting', 89.99, '1234567890136'),
    ('SKU017', 'Mouse', 'Wireless mouse with ergonomic design', 39.99, '1234567890137'),
    ('SKU018', 'Bluetooth Speaker', 'Compact speaker with Bluetooth connectivity', 59.99, '1234567890138'),
    ('SKU019', 'Portable SSD', 'High-speed portable solid-state drive', 199.99, '1234567890139'),
    ('SKU020', 'VR Headset', 'Virtual reality headset for immersive gaming and entertainment', 299.99, '1234567890140')
;
INSERT INTO supplier (TIN, name, address, sku)
VALUES
    (1234567890, 'Supplier A', '123 Example St', 'SKU001'),
    (2345678901, 'Supplier B', '456 Example St', 'SKU002'),
    (3456789012, 'Supplier C', '789 Example St', 'SKU003'),
    (4567890123, 'Supplier D', '123 Example St', 'SKU004'),
    (5678901234, 'Supplier E', '456 Example St', 'SKU005'),
    (6789012345, 'Supplier F', '789 Example St', 'SKU006'),
    (7890123456, 'Supplier G', '123 Example St', 'SKU007'),
    (8901234567, 'Supplier H', '456 Example St', 'SKU008'),
    (9012345678, 'Supplier I', '789 Example St', 'SKU009'),
    (1234567891, 'Supplier J', '123 Example St', 'SKU010'),
    (2345678902, 'Supplier K', '456 Example St', 'SKU011'),
    (3456789013, 'Supplier L', '789 Example St', 'SKU012'),
    (4567890124, 'Supplier M', '123 Example St', 'SKU013'),
    (5678901235, 'Supplier N', '456 Example St', 'SKU014'),
    (6789012346, 'Supplier O', '789 Example St', 'SKU015'),
    (7890123457, 'Supplier P', '123 Example St', 'SKU016'),
    (8901234568, 'Supplier Q', '456 Example St', 'SKU017'),
    (9012345679, 'Supplier R', '789 Example St', 'SKU018'),
    (1234567892, 'Supplier S', '123 Example St', 'SKU019'),
    (2345678903, 'Supplier T', '456 Example St', 'SKU020')
;
INSERT INTO delivery (address, TIN)
VALUES
    ('99 Example St', 1234567890),
    ('99 Example St', 2345678901),
    ('99 Example St', 3456789012),
    ('99 Example St', 4567890123),
    ('99 Example St', 5678901234),
    ('99 Example St', 6789012345),
    ('99 Example St', 7890123456),
    ('99 Example St', 8901234567),
    ('99 Example St', 9012345678),
    ('99 Example St', 1234567891),
    ('99 Example St', 2345678902),
    ('99 Example St', 3456789013),
    ('99 Example St', 4567890124),
    ('99 Example St', 5678901235),
    ('99 Example St', 6789012346),
    ('99 Example St', 7890123457),
    ('99 Example St', 8901234568),
    ('99 Example St', 9012345679),
    ('99 Example St', 1234567892),
    ('99 Example St', 2345678903)
;
INSERT INTO customer (cust_no, name, email, phone, address)
VALUES

    (1001, 'Customer 1', 'customer1@example.com', 5339738730, '1 Example St 25337 City1'),
    (1002, 'Customer 2', 'customer2@example.com', 2313164157, '2 Example St 97157 City2'),
    (1003, 'Customer 3', 'customer3@example.com', 6892641266, '3 Example St 33850 City3'),
    (1004, 'Customer 4', 'customer4@example.com', 8800812251, '4 Example St 58415 City4'),
    (1005, 'Customer 5', 'customer5@example.com', 2244543555, '5 Example St 87280 City5'),
    (1006, 'Customer 6', 'customer6@example.com', 9486375895, '6 Example St 54247 City6'),
    (1007, 'Customer 7', 'customer7@example.com', 4978279473, '7 Example St 82146 City7'),
    (1008, 'Customer 8', 'customer8@example.com', 4035124096, '8 Example St 46200 City8'),
    (1009, 'Customer 9', 'customer9@example.com', 1937093100, '9 Example St 89768 City9'),
    (1010, 'Customer 10', 'customer10@example.com', 5775074595, '10 Example St 70108 City10'),
    (1011, 'Customer 11', 'customer11@example.com', 4694974506, '11 Example St 93526 City11'),
    (1012, 'Customer 12', 'customer12@example.com', 4816334810, '12 Example St 87225 City12'),
    (1013, 'Customer 13', 'customer13@example.com', 2876785490, '13 Example St 80423 City13'),
    (1014, 'Customer 14', 'customer14@example.com', 9228258582, '14 Example St 16099 City14'),
    (1015, 'Customer 15', 'customer15@example.com', 9683397482, '15 Example St 89322 City15'),
    (1016, 'Customer 16', 'customer16@example.com', 4571107121, '16 Example St 25463 City16'),
    (1017, 'Customer 17', 'customer17@example.com', 8305491635, '17 Example St 27777 City17'),
    (1018, 'Customer 18', 'customer18@example.com', 2386893888, '18 Example St 62821 City18'),
    (1019, 'Customer 19', 'customer19@example.com', 7147651983, '19 Example St 84187 City19'),
    (1020, 'Customer 20', 'customer20@example.com', 7665532529, '20 Example St 88160 City20'),
    (1021, 'Customer 21', 'customer21@example.com', 7787102398, '21 Example St 28121 City21'),
    (1022, 'Customer 22', 'customer22@example.com', 5120301803, '22 Example St 44058 City22'),
    (1023, 'Customer 23', 'customer23@example.com', 8638541548, '23 Example St 17185 City23'),
    (1024, 'Customer 24', 'customer24@example.com', 8333263875, '24 Example St 94162 City24'),
    (1025, 'Customer 25', 'customer25@example.com', 8809103093, '25 Example St 72455 City25'),
    (1026, 'Customer 26', 'customer26@example.com', 1106386488, '26 Example St 30029 City26'),
    (1027, 'Customer 27', 'customer27@example.com', 1548039903, '27 Example St 93409 City27'),
    (1028, 'Customer 28', 'customer28@example.com', 9204126999, '28 Example St 24305 City28'),
    (1029, 'Customer 29', 'customer29@example.com', 1961223453, '29 Example St 16831 City29'),
    (1030, 'Customer 30', 'customer30@example.com', 2366902103, '30 Example St 66402 City30'),
    (1031, 'Customer 31', 'customer31@example.com', 5204361469, '31 Example St 80247 City31'),
    (1032, 'Customer 32', 'customer32@example.com', 2831797770, '32 Example St 74036 City32'),
    (1033, 'Customer 33', 'customer33@example.com', 7477737692, '33 Example St 59911 City33'),
    (1034, 'Customer 34', 'customer34@example.com', 8496927487, '34 Example St 76208 City34'),
    (1035, 'Customer 35', 'customer35@example.com', 6370370745, '35 Example St 27563 City35'),
    (1036, 'Customer 36', 'customer36@example.com', 9973116880, '36 Example St 66307 City36'),
    (1037, 'Customer 37', 'customer37@example.com', 6416929399, '37 Example St 80908 City37'),
    (1038, 'Customer 38', 'customer38@example.com', 2590674825, '38 Example St 23749 City38'),
    (1039, 'Customer 39', 'customer39@example.com', 4377345086, '39 Example St 96842 City39'),
    (1040, 'Customer 40', 'customer40@example.com', 9425429745, '40 Example St 22129 City40'),
    (1041, 'Customer 41', 'customer41@example.com', 4873243251, '41 Example St 25701 City41'),
    (1042, 'Customer 42', 'customer42@example.com', 4656917319, '42 Example St 53545 City42'),
    (1043, 'Customer 43', 'customer43@example.com', 8259914047, '43 Example St 45616 City43'),
    (1044, 'Customer 44', 'customer44@example.com', 6586510886, '44 Example St 36856 City44'),
    (1045, 'Customer 45', 'customer45@example.com', 2719096950, '45 Example St 91196 City45'),
    (1046, 'Customer 46', 'customer46@example.com', 7788732083, '46 Example St 99675 City46'),
    (1047, 'Customer 47', 'customer47@example.com', 6823766079, '47 Example St 20010 City47'),
    (1048, 'Customer 48', 'customer48@example.com', 3212686766, '48 Example St 86998 City48'),
    (1049, 'Customer 49', 'customer49@example.com', 1869181425, '49 Example St 89496 City49'),
    (1050, 'Customer 50', 'customer50@example.com', 7520422930, '50 Example St 36588 City50'),
    (1051, 'Customer 51', 'customer51@example.com', 7253936015, '51 Example St 30739 City51'),
    (1052, 'Customer 52', 'customer52@example.com', 3434457638, '52 Example St 94642 City52'),
    (1053, 'Customer 53', 'customer53@example.com', 7882370556, '53 Example St 94927 City53'),
    (1054, 'Customer 54', 'customer54@example.com', 5820320189, '54 Example St 33407 City54'),
    (1055, 'Customer 55', 'customer55@example.com', 8403555532, '55 Example St 75952 City55'),
    (1056, 'Customer 56', 'customer56@example.com', 1290644991, '56 Example St 52011 City56'),
    (1057, 'Customer 57', 'customer57@example.com', 3182562254, '57 Example St 28325 City57'),
    (1058, 'Customer 58', 'customer58@example.com', 9340831693, '58 Example St 75855 City58'),
    (1059, 'Customer 59', 'customer59@example.com', 3106319935, '59 Example St 60125 City59'),
    (1060, 'Customer 60', 'customer60@example.com', 3164780581, '60 Example St 63440 City60'),
    (1061, 'Customer 61', 'customer61@example.com', 5750517006, '61 Example St 23120 City61'),
    (1062, 'Customer 62', 'customer62@example.com', 2335601672, '62 Example St 48885 City62'),
    (1063, 'Customer 63', 'customer63@example.com', 7000368016, '63 Example St 70985 City63'),
    (1064, 'Customer 64', 'customer64@example.com', 1502769931, '64 Example St 63161 City64'),
    (1065, 'Customer 65', 'customer65@example.com', 2513095177, '65 Example St 21894 City65'),
    (1066, 'Customer 66', 'customer66@example.com', 9319861614, '66 Example St 84879 City66'),
    (1067, 'Customer 67', 'customer67@example.com', 6132473032, '67 Example St 24353 City67'),
    (1068, 'Customer 68', 'customer68@example.com', 9909964511, '68 Example St 43438 City68'),
    (1069, 'Customer 69', 'customer69@example.com', 8798383211, '69 Example St 71293 City69'),
    (1070, 'Customer 70', 'customer70@example.com', 1423465056, '70 Example St 17093 City70'),
    (1071, 'Customer 71', 'customer71@example.com', 4450603576, '71 Example St 51388 City71'),
    (1072, 'Customer 72', 'customer72@example.com', 7421623927, '72 Example St 96540 City72'),
    (1073, 'Customer 73', 'customer73@example.com', 6316823529, '73 Example St 71656 City73'),
    (1074, 'Customer 74', 'customer74@example.com', 5971392252, '74 Example St 31292 City74'),
    (1075, 'Customer 75', 'customer75@example.com', 1023918383, '75 Example St 88596 City75'),
    (1076, 'Customer 76', 'customer76@example.com', 7243707222, '76 Example St 49511 City76'),
    (1077, 'Customer 77', 'customer77@example.com', 3204319405, '77 Example St 18385 City77'),
    (1078, 'Customer 78', 'customer78@example.com', 2467461966, '78 Example St 64252 City78'),
    (1079, 'Customer 79', 'customer79@example.com', 8646439161, '79 Example St 87011 City79'),
    (1080, 'Customer 80', 'customer80@example.com', 8396352553, '80 Example St 34000 City80'),
    (1081, 'Customer 81', 'customer81@example.com', 2684397990, '81 Example St 47021 City81'),
    (1082, 'Customer 82', 'customer82@example.com', 5533631707, '82 Example St 57793 City82'),
    (1083, 'Customer 83', 'customer83@example.com', 7476217975, '83 Example St 79469 City83'),
    (1084, 'Customer 84', 'customer84@example.com', 8864503681, '84 Example St 68830 City84'),
    (1085, 'Customer 85', 'customer85@example.com', 2212677356, '85 Example St 62560 City85'),
    (1086, 'Customer 86', 'customer86@example.com', 4188960324, '86 Example St 35087 City86'),
    (1087, 'Customer 87', 'customer87@example.com', 2651989830, '87 Example St 34794 City87'),
    (1088, 'Customer 88', 'customer88@example.com', 1084757761, '88 Example St 25627 City88'),
    (1089, 'Customer 89', 'customer89@example.com', 6368227885, '89 Example St 84211 City89'),
    (1090, 'Customer 90', 'customer90@example.com', 9372309741, '90 Example St 28114 City90'),
    (1091, 'Customer 91', 'customer91@example.com', 2768342057, '91 Example St 93300 City91'),
    (1092, 'Customer 92', 'customer92@example.com', 9503260407, '92 Example St 78001 City92'),
    (1093, 'Customer 93', 'customer93@example.com', 4791397566, '93 Example St 24773 City93'),
    (1094, 'Customer 94', 'customer94@example.com', 9878262259, '94 Example St 28468 City94'),
    (1095, 'Customer 95', 'customer95@example.com', 7622681037, '95 Example St 20191 City95'),
    (1096, 'Customer 96', 'customer96@example.com', 1851925561, '96 Example St 31979 City96'),
    (1097, 'Customer 97', 'customer97@example.com', 1880369650, '97 Example St 86430 City97'),
    (1098, 'Customer 98', 'customer98@example.com', 7007972317, '98 Example St 13068 City98'),
    (1099, 'Customer 99', 'customer99@example.com', 9934711981, '99 Example St 35244 City99'),
    (1100, 'Customer 100', 'customer100@example.com', 3479313617, '100 Example St 82801 City100');

 -- orders need to be in contains due to RI-3
START	TRANSACTION;
SET	CONSTRAINTS	ALL	DEFERRED;
INSERT INTO orders (order_no, date, cust_no)
VALUES
    (2001, '2022-04-08', 1001),
    (2002, '2022-10-12', 1002),
    (2003, '2022-09-10', 1003),
    (2004, '2022-12-04', 1004),
    (2005, '2022-07-22', 1005),
    (2006, '2022-02-02', 1006),
    (2007, '2022-09-10', 1007),
    (2008, '2022-07-27', 1008),
    (2009, '2022-05-02', 1009),
    (2010, '2022-11-26', 1010),
    (2011, '2022-12-13', 1011),
    (2012, '2022-11-20', 1012),
    (2013, '2022-08-05', 1013),
    (2014, '2022-09-17', 1014),
    (2015, '2022-11-20', 1015),
    (2016, '2022-08-16', 1016),
    (2017, '2022-09-20', 1017),
    (2018, '2022-11-07', 1018),
    (2019, '2022-06-05', 1019),
    (2020, '2022-12-13', 1020),
    (2021, '2022-12-05', 1021),
    (2022, '2022-08-03', 1022),
    (2023, '2022-02-22', 1023),
    (2024, '2022-08-05', 1024),
    (2025, '2022-08-02', 1025),
    (2026, '2022-08-11', 1026),
    (2027, '2022-03-28', 1027),
    (2028, '2022-01-03', 1028),
    (2029, '2022-02-13', 1029),
    (2030, '2022-10-01', 1030),
    (2031, '2022-07-12', 1031),
    (2032, '2022-06-21', 1032),
    (2033, '2022-01-07', 1033),
    (2034, '2022-06-06', 1034),
    (2035, '2022-04-15', 1035),
    (2036, '2022-09-22', 1036),
    (2037, '2022-03-14', 1037),
    (2038, '2022-08-22', 1038),
    (2039, '2022-01-18', 1039),
    (2040, '2022-09-23', 1040),
    (2041, '2022-05-28', 1041),
    (2042, '2022-01-16', 1042),
    (2043, '2022-01-25', 1043),
    (2044, '2022-11-06', 1044),
    (2045, '2022-03-11', 1045),
    (2046, '2022-08-26', 1046),
    (2047, '2022-10-16', 1047),
    (2048, '2022-08-18', 1048),
    (2049, '2022-05-19', 1049),
    (2050, '2022-07-20', 1050),
    (2051, '2022-08-09', 1051),
    (2052, '2022-12-16', 1052),
    (2053, '2022-06-15', 1053),
    (2054, '2022-01-08', 1054),
    (2055, '2022-11-03', 1055),
    (2056, '2022-08-08', 1056),
    (2057, '2022-04-16', 1057),
    (2058, '2022-10-27', 1058),
    (2059, '2022-04-03', 1059),
    (2060, '2022-12-02', 1060),
    (2061, '2022-11-20', 1061),
    (2062, '2022-10-12', 1062),
    (2063, '2022-02-21', 1063),
    (2064, '2022-05-09', 1064),
    (2065, '2022-06-24', 1065),
    (2066, '2022-05-25', 1066),
    (2067, '2022-04-28', 1067),
    (2068, '2022-02-20', 1068),
    (2069, '2022-12-13', 1069),
    (2070, '2022-11-28', 1070),
    (2071, '2022-09-03', 1071),
    (2072, '2022-11-04', 1072),
    (2073, '2022-07-15', 1073),
    (2074, '2022-07-18', 1074),
    (2075, '2022-07-20', 1075),
    (2076, '2022-05-15', 1076),
    (2077, '2022-09-08', 1077),
    (2078, '2022-06-15', 1078),
    (2079, '2022-04-18', 1079),
    (2080, '2022-02-16', 1080),
    (2081, '2022-09-16', 1081),
    (2082, '2022-01-17', 1082),
    (2083, '2022-05-12', 1083),
    (2084, '2022-07-22', 1084),
    (2085, '2022-05-23', 1085),
    (2086, '2022-06-15', 1086),
    (2087, '2022-08-27', 1087),
    (2088, '2022-06-26', 1088),
    (2089, '2022-11-10', 1089),
    (2090, '2022-10-22', 1090),
    (2091, '2022-02-01', 1091),
    (2092, '2022-04-04', 1092),
    (2093, '2022-03-18', 1093),
    (2094, '2022-03-23', 1094),
    (2095, '2022-06-05', 1095),
    (2096, '2022-09-11', 1096),
    (2097, '2022-02-14', 1097),
    (2098, '2022-12-01', 1098),
    (2099, '2022-11-11', 1099),
    (2100, '2022-07-25', 1100)
;
INSERT INTO contains (sku, order_no, qty)
VALUES
    ('SKU020', 2001, 1),
    ('SKU020', 2002, 9),
    ('SKU018', 2003, 2),
    ('SKU007', 2004, 6),
    ('SKU020', 2005, 9),
    ('SKU018', 2006, 9),
    ('SKU008', 2007, 10),
    ('SKU017', 2008, 5),
    ('SKU008', 2009, 10),
    ('SKU014', 2010, 8),
    ('SKU006', 2011, 1),
    ('SKU008', 2012, 9),
    ('SKU019', 2013, 8),
    ('SKU018', 2014, 1),
    ('SKU011', 2015, 10),
    ('SKU007', 2016, 7),
    ('SKU019', 2017, 8),
    ('SKU016', 2018, 5),
    ('SKU016', 2019, 5),
    ('SKU020', 2020, 5),
    ('SKU013', 2021, 9),
    ('SKU013', 2022, 4),
    ('SKU015', 2023, 2),
    ('SKU004', 2024, 10),
    ('SKU012', 2025, 9),
    ('SKU018', 2026, 7),
    ('SKU002', 2027, 3),
    ('SKU014', 2028, 8),
    ('SKU004', 2029, 10),
    ('SKU004', 2030, 8),
    ('SKU001', 2031, 2),
    ('SKU001', 2032, 6),
    ('SKU011', 2033, 9),
    ('SKU004', 2034, 2),
    ('SKU011', 2035, 6),
    ('SKU005', 2036, 4),
    ('SKU006', 2037, 2),
    ('SKU015', 2038, 1),
    ('SKU006', 2039, 2),
    ('SKU006', 2040, 6),
    ('SKU007', 2041, 5),
    ('SKU016', 2042, 2),
    ('SKU005', 2043, 2),
    ('SKU018', 2044, 4),
    ('SKU019', 2045, 3),
    ('SKU005', 2046, 1),
    ('SKU009', 2047, 2),
    ('SKU010', 2048, 3),
    ('SKU006', 2049, 1),
    ('SKU016', 2050, 10),
    ('SKU005', 2051, 2),
    ('SKU006', 2052, 4),
    ('SKU018', 2053, 10),
    ('SKU001', 2054, 4),
    ('SKU005', 2055, 3),
    ('SKU003', 2056, 7),
    ('SKU017', 2057, 8),
    ('SKU005', 2058, 8),
    ('SKU011', 2059, 6),
    ('SKU020', 2060, 3),
    ('SKU015', 2061, 6),
    ('SKU019', 2062, 2),
    ('SKU002', 2063, 1),
    ('SKU003', 2064, 8),
    ('SKU004', 2065, 1),
    ('SKU012', 2066, 7),
    ('SKU012', 2067, 6),
    ('SKU016', 2068, 6),
    ('SKU013', 2069, 5),
    ('SKU001', 2070, 5),
    ('SKU005', 2071, 8),
    ('SKU004', 2072, 4),
    ('SKU014', 2073, 4),
    ('SKU005', 2074, 7),
    ('SKU006', 2075, 2),
    ('SKU006', 2076, 7),
    ('SKU008', 2077, 6),
    ('SKU015', 2078, 3),
    ('SKU017', 2079, 1),
    ('SKU018', 2080, 1),
    ('SKU018', 2081, 9),
    ('SKU005', 2082, 9),
    ('SKU004', 2083, 2),
    ('SKU018', 2084, 4),
    ('SKU006', 2085, 4),
    ('SKU007', 2086, 8),
    ('SKU007', 2087, 7),
    ('SKU017', 2088, 1),
    ('SKU004', 2089, 6),
    ('SKU005', 2090, 10),
    ('SKU016', 2091, 1),
    ('SKU015', 2092, 6),
    ('SKU010', 2093, 7),
    ('SKU014', 2094, 1),
    ('SKU008', 2095, 9),
    ('SKU018', 2096, 8),
    ('SKU013', 2097, 1),
    ('SKU004', 2098, 1),
    ('SKU006', 2099, 4),
    ('SKU001', 2100, 8)
;
COMMIT;
INSERT INTO pay (cust_no, order_no)
VALUES
    (1001, 2001),
    (1002, 2002),
    (1003, 2003),
    (1004, 2004),
    (1005, 2005),
    (1006, 2006),
    (1007, 2007),
    (1008, 2008),
    (1009, 2009),
    (1010, 2010),
    (1011, 2011),
    (1012, 2012),
    (1013, 2013),
    (1014, 2014),
    (1015, 2015),
    (1016, 2016),
    (1017, 2017),
    (1018, 2018),
    (1019, 2019),
    (1020, 2020),
    (1021, 2021),
    (1022, 2022),
    (1023, 2023),
    (1024, 2024),
    (1025, 2025),
    (1026, 2026),
    (1027, 2027),
    (1028, 2028),
    (1029, 2029),
    (1030, 2030),
    (1031, 2031),
    (1032, 2032),
    (1033, 2033),
    (1034, 2034),
    (1035, 2035),
    (1036, 2036),
    (1037, 2037),
    (1038, 2038),
    (1039, 2039),
    (1040, 2040),
    (1041, 2041),
    (1042, 2042),
    (1043, 2043),
    (1044, 2044),
    (1045, 2045),
    (1046, 2046),
    (1047, 2047),
    (1048, 2048),
    (1049, 2049),
    (1050, 2050)
;
INSERT INTO process (ssn, order_no)
VALUES
    (1000000001, 2001),
    (1000000002, 2002),
    (1000000003, 2003),
    (1000000004, 2004),
    (1000000005, 2005),
    (1000000006, 2006),
    (1000000007, 2007),
    (1000000008, 2008),
    (1000000009, 2009),
    (1000000010, 2010),
    (1000000011, 2011),
    (1000000012, 2012),
    (1000000013, 2013),
    (1000000014, 2014),
    (1000000015, 2015),
    (1000000016, 2016),
    (1000000017, 2017),
    (1000000018, 2018),
    (1000000019, 2019),
    (1000000020, 2020),
    (1000000021, 2021),
    (1000000022, 2022),
    (1000000023, 2023),
    (1000000024, 2024),
    (1000000025, 2025),
    (1000000026, 2026),
    (1000000027, 2027),
    (1000000028, 2028),
    (1000000029, 2029),
    (1000000030, 2030),
    (1000000031, 2031),
    (1000000032, 2032),
    (1000000033, 2033),
    (1000000034, 2034),
    (1000000035, 2035),
    (1000000036, 2036),
    (1000000037, 2037),
    (1000000038, 2038),
    (1000000039, 2039),
    (1000000040, 2040),
    (1000000041, 2041),
    (1000000042, 2042),
    (1000000043, 2043),
    (1000000044, 2044),
    (1000000045, 2045),
    (1000000046, 2046),
    (1000000047, 2047),
    (1000000048, 2048),
    (1000000049, 2049),
    (1000000050, 2050)
;
